TransactionID,TransactionTimestamp,TotalAmount
1,2026-04-08 09:33:06,27.25
2,2026-04-09 05:33:06,15.00
3,2026-04-07 20:33:06,39.25
4,2026-04-08 11:33:06,10.25
5,2026-04-05 06:33:06,4.50
6,2026-04-07 11:33:06,30.75
7,2026-04-08 05:33:06,40.75
8,2026-04-03 19:33:06,23.75
9,2026-04-09 19:33:06,23.75
10,2026-04-04 14:33:06,17.00
11,2026-04-05 09:33:06,4.75
12,2026-04-04 05:33:06,22.75
13,2026-04-08 03:33:06,15.75
14,2026-04-06 03:33:06,14.00
15,2026-04-04 15:33:06,5.50
16,2026-04-06 12:33:06,20.00
17,2026-04-08 16:33:06,31.50
18,2026-04-08 09:33:06,21.00
19,2026-04-07 21:33:06,4.75
20,2026-04-05 21:33:06,11.00
21,2026-04-03 14:33:06,26.00
22,2026-04-06 00:33:06,21.00
23,2026-04-04 10:33:06,4.50
24,2026-04-08 14:33:06,11.50
25,2026-04-09 15:33:06,14.00
26,2026-04-05 06:33:06,9.75
27,2026-04-04 11:33:06,32.00
28,2026-04-07 08:33:06,11.50
29,2026-04-09 15:33:06,41.50
30,2026-04-08 21:33:06,4.50
31,2026-04-05 06:33:06,22.00
32,2026-04-07 10:33:06,20.75
33,2026-04-04 05:33:06,28.50
34,2026-04-10 07:33:06,17.25
35,2026-04-06 11:33:06,17.25
36,2026-04-08 13:33:06,5.00
37,2026-04-03 20:33:06,26.50
38,2026-04-04 07:33:06,22.25
39,2026-04-09 01:33:06,14.75
40,2026-04-10 09:33:06,14.50
41,2026-04-03 18:33:06,16.50
42,2026-04-04 12:33:06,31.00
43,2026-04-08 16:33:06,38.25
44,2026-04-05 23:33:06,25.75
45,2026-04-07 02:33:06,9.50
46,2026-04-08 20:33:06,25.75
47,2026-04-03 20:33:06,10.25
48,2026-04-07 04:33:06,5.00
49,2026-04-05 07:33:06,17.25
50,2026-04-05 08:33:06,18.25
51,2026-04-07 07:33:06,31.50
52,2026-04-08 05:33:06,9.75
53,2026-04-06 06:33:06,30.75
54,2026-04-07 17:33:06,5.50
55,2026-04-04 23:33:06,16.25
56,2026-04-09 10:33:06,15.00
57,2026-04-05 01:33:06,18.75
58,2026-04-08 23:33:06,33.25
59,2026-04-07 20:33:06,9.75
60,2026-04-06 12:33:06,24.75
